id,logged_at,sport_key,event_id,event_name,commence_time,market,outcome_name,bet_to_place,target_bookmaker,target_odds,target_odds_fractional,target_odds_american,reference_fair_odds,edge,reference_bookmakers,stake,status,closing_checked_at,closing_target_odds,target_clv,beat_closing_line,closing_reference_fair_odds,closing_edge,positive_closing_edge,result,profit
2,2026-08-13T19:31:40.106570+00:00,soccer_conmebol_copa_sudamericana,154087d9648994908d9fd4dcf6d28d37,Vasco da Gama v Olimpia Asunción,2026-08-13T22:00:00+00:00,h2h,Olimpia Asunción,Back Olimpia Asunción with Smarkets at 5.9 (49/10)+,Smarkets,5.9000,49/10,+490,5.3583,0.0828,"1xBet, 888sport, Betfair, Betfred (UK), Casumo, Codere (IT), Coolbet, Coral, LeoVegas, LeoVegas (SE), LiveScore Bet, Nordic Bet, PMU (FR), Paddy Power, Pinnacle, Sky Bet, Unibet (FR), Unibet (NL), Virgin Bet, William Hill",1.00,open,,,,,,,,,
4,2026-08-13T19:31:40.106570+00:00,soccer_conmebol_copa_libertadores,dd06fab13c4861592da993d2d742c27b,Mirassol v LDU Quito,2026-08-13T22:00:00+00:00,h2h,LDU Quito,Back LDU Quito with Betfair at 6.8 (29/5)+,Betfair,6.8000,29/5,+580,6.2403,0.0711,"1xBet, 888sport, BetOnline.ag, Betclic (FR), Betfair Sportsbook, Betfred (UK), Betsson, Betway, Casumo, Codere (IT), Coolbet, Coral, GTbets, Grosvenor, Ladbrokes, LeoVegas, LeoVegas (SE), LiveScore Bet, Marathon Bet, Nordic Bet, PMU (FR), Paddy Power, Pinnacle, Smarkets, Suprabets, Tipico, Unibet (FR), Unibet (NL), Unibet (UK), Virgin Bet, William Hill",1.00,open,,,,,,,,,
11,2026-08-13T19:31:40.106570+00:00,basketball_wnba,adc6dd060846838773f87fb71bbbad5d,New York Liberty v Los Angeles Sparks,2026-08-14T00:00:00+00:00,h2h,Los Angeles Sparks,Back Los Angeles Sparks with Betfair at 4.3 (33/10)+,Betfair,4.3000,33/10,+330,4.0160,0.0543,"1xBet, 888sport, Bet Victor, BetAnything, BetOnline.ag, Betano (UK), Betsson, Betway, BoyleSports, Coolbet, GTbets, LeoVegas, LeoVegas (SE), Matchbook, MyBookie.ag, Nordic Bet, PMU (FR), Paddy Power, Pinnacle, Unibet (NL), Unibet (SE), Unibet (UK)",1.00,open,,,,,,,,,
18,2026-08-13T19:31:40.106570+00:00,tennis_atp_canadian_open,e723dde12617d39b432ea4de1747708f,Ben Shelton v Brandon Nakashima,2026-08-14T00:00:00+00:00,h2h,Brandon Nakashima,Back Brandon Nakashima with Betfair at 3.15 (43/20)+,Betfair,3.1500,43/20,+215,2.9856,0.0407,"1xBet, 888sport, Bet Victor, BetAnything, BetOnline.ag, Betano (UK), Betclic (FR), Betfair Sportsbook, Betfred (UK), Betsson, Betway, BoyleSports, Casumo, Coolbet, Coral, GTbets, Grosvenor, Ladbrokes, LeoVegas, LeoVegas (SE), LiveScore Bet, Marathon Bet, Matchbook, Nordic Bet, PMU (FR), Paddy Power, Pinnacle, Sky Bet, Smarkets, Tipico, Unibet (FR), Unibet (NL), Unibet (SE), Unibet (UK), Virgin Bet, William Hill, Winamax (DE), Winamax (FR)",1.00,open,,,,,,,,,
20,2026-08-13T19:31:40.106570+00:00,cricket_caribbean_premier_league,17f6e36d023de83e55fbf7e3dfa97599,Jamaica Kingsmen v Guyana Amazon Warriors,2026-08-14T00:00:00+00:00,h2h,Guyana Amazon Warriors,Back Guyana Amazon Warriors with Betfair at 1.69 (69/100)+,Betfair,1.6900,69/100,-145,1.6174,0.0363,"Bet Victor, Betano (UK), Betway, BoyleSports, Casumo, Coral, Grosvenor, Ladbrokes, LeoVegas (SE), LiveScore Bet, Marathon Bet, Unibet (SE), Virgin Bet",1.00,open,,,,,,,,,
6,2026-08-13T19:31:40.106570+00:00,cricket_test_match,55def038039788499dd3878f87b22388,Australia v Bangladesh,2026-08-14T00:30:00+00:00,h2h,Bangladesh,Back Bangladesh with Betfair at 3.65 (53/20)+,Betfair,3.6500,53/20,+265,3.3790,0.0645,"Betfair Sportsbook, Betway, Casumo, Grosvenor, LeoVegas (SE), LiveScore Bet, Paddy Power, Unibet (SE), Virgin Bet",1.00,open,,,,,,,,,
14,2026-08-13T19:31:40.106570+00:00,soccer_conmebol_copa_libertadores,eea2d21194999c598d9231fd40ed71fc,Rosario Central v Corinthians-SP,2026-08-14T00:30:00+00:00,h2h,Corinthians-SP,Back Corinthians-SP with Betfair at 4.3 (33/10)+,Betfair,4.3000,33/10,+330,4.0475,0.0461,"1xBet, 888sport, BetOnline.ag, Betclic (FR), Betfair Sportsbook, Betfred (UK), Betsson, Betway, Casumo, Codere (IT), Coolbet, Coral, GTbets, Grosvenor, Ladbrokes, LeoVegas, LeoVegas (SE), LiveScore Bet, Marathon Bet, Nordic Bet, PMU (FR), Paddy Power, Pinnacle, Smarkets, Suprabets, Unibet (FR), Unibet (NL), Unibet (UK), Virgin Bet, William Hill, Winamax (DE), Winamax (FR)",1.00,open,,,,,,,,,
24,2026-08-13T19:31:40.106570+00:00,soccer_finland_veikkausliiga,02b111014da2ac0a7f4a6ae59f732e80,VPS Vaasa v TPS Turku,2026-08-14T15:00:00+00:00,h2h,TPS Turku,Back TPS Turku with Betfair at 5.3 (43/10)+,Betfair,5.3000,43/10,+430,5.0690,0.0286,"1xBet, 888sport, Bet Victor, BetOnline.ag, Betano (UK), Betfair Sportsbook, Betfred (UK), Betsson, Betway, BoyleSports, Casumo, Coolbet, Coral, GTbets, Grosvenor, Ladbrokes, LeoVegas, LeoVegas (SE), LiveScore Bet, Marathon Bet, Matchbook, Nordic Bet, PMU (FR), Paddy Power, Pinnacle, Sky Bet, Tipico, Unibet (FR), Unibet (NL), Unibet (SE), Unibet (UK), Virgin Bet, William Hill",1.00,open,,,,,,,,,
7,2026-08-13T19:31:40.106570+00:00,soccer_austria_bundesliga,758b0daefc6f97c8db3facf89737c183,LASK v Ried,2026-08-14T17:30:00+00:00,h2h,Ried,Back Ried with Smarkets at 6.4 (27/5)+,Smarkets,6.4000,27/5,+540,5.9468,0.0580,"1xBet, 888sport, BetOnline.ag, Betclic (FR), Betfair, Betfred (UK), Betsson, Betway, BoyleSports, Casumo, Codere (IT), Coolbet, Coral, Grosvenor, Ladbrokes, LeoVegas (SE), LiveScore Bet, Matchbook, Nordic Bet, PMU (FR), Pinnacle, Sky Bet, Suprabets, Tipico, Unibet (FR), Unibet (NL), Unibet (SE), Unibet (UK), Virgin Bet, William Hill, Winamax (DE), Winamax (FR)",1.00,open,,,,,,,,,
3,2026-08-13T19:31:40.106570+00:00,soccer_turkey_super_league,5df50503e8cb89c43d21bf9d7ced1aab,Galatasaray v Çorum FK,2026-08-14T18:30:00+00:00,h2h,Çorum FK,Back Çorum FK with Smarkets at 15.5 (29/2)+,Smarkets,15.5000,29/2,+1450,14.0819,0.0801,"BetOnline.ag, Betclic (FR), Betfair, Betfair Sportsbook, Betfred (UK), Betsson, Betway, Casumo, Codere (IT), Coolbet, GTbets, Grosvenor, LeoVegas (SE), LiveScore Bet, Marathon Bet, Nordic Bet, Paddy Power, Pinnacle, Sky Bet, Tipico, Unibet (NL), Unibet (SE), Unibet (UK), Virgin Bet",1.00,open,,,,,,,,,
17,2026-08-13T19:31:40.106570+00:00,soccer_turkey_super_league,5df50503e8cb89c43d21bf9d7ced1aab,Galatasaray v Çorum FK,2026-08-14T18:30:00+00:00,h2h,Draw,Back Draw with Betfair at 7.8 (34/5)+,Betfair,7.8000,34/5,+680,7.3433,0.0437,"BetOnline.ag, Betclic (FR), Betfair Sportsbook, Betfred (UK), Betsson, Betway, Casumo, Codere (IT), Coolbet, GTbets, Grosvenor, LeoVegas (SE), LiveScore Bet, Marathon Bet, Nordic Bet, Paddy Power, Pinnacle, Sky Bet, Smarkets, Tipico, Unibet (NL), Unibet (SE), Unibet (UK), Virgin Bet",1.00,open,,,,,,,,,
23,2026-08-13T19:31:40.106570+00:00,soccer_poland_ekstraklasa,c2cf5fc907343f7be13751c7c14c3df2,Legia Warszawa v Radomiak Radom,2026-08-14T18:30:00+00:00,h2h,Radomiak Radom,Back Radomiak Radom with Betfair at 5.7 (47/10)+,Betfair,5.7000,47/10,+470,5.4413,0.0303,"1xBet, 888sport, Bet Victor, BetOnline.ag, Betano (UK), Betclic (FR), Betfair Sportsbook, Betfred (UK), Betsson, Betway, BoyleSports, Casumo, Codere (IT), Coolbet, Coral, Grosvenor, Ladbrokes, LeoVegas (SE), LiveScore Bet, Marathon Bet, Nordic Bet, PMU (FR), Paddy Power, Pinnacle, Sky Bet, Smarkets, Tipico, Unibet (FR), Unibet (NL), Unibet (SE), Unibet (UK), Virgin Bet, Winamax (DE), Winamax (FR)",1.00,open,,,,,,,,,
10,2026-08-13T19:31:40.106570+00:00,soccer_italy_coppa_italia,f44191052c8161ab9d66e99fe604d665,Monza v Avellino,2026-08-14T18:45:00+00:00,h2h,Avellino,Back Avellino with Betfair at 5.8 (24/5)+,Betfair,5.8000,24/5,+480,5.4060,0.0551,"888sport, Bet Victor, Betano (UK), Betfred (UK), Betway, BoyleSports, Codere (IT), Coral, Grosvenor, Ladbrokes, LeoVegas (SE), LiveScore Bet, Paddy Power, Pinnacle, Sky Bet, Tipico, Unibet (NL), Unibet (SE), Unibet (UK), Virgin Bet, William Hill, Winamax (DE)",1.00,open,,,,,,,,,
16,2026-08-13T19:31:40.106570+00:00,soccer_france_ligue_two,55474a36cf2d9c34a8dfb6cd7a38449b,Red Star v Sochaux,2026-08-14T18:45:00+00:00,h2h,Sochaux,Back Sochaux with Betfair at 4.8 (19/5)+,Betfair,4.8000,19/5,+380,4.5192,0.0453,"888sport, Bet Victor, BetOnline.ag, Betano (UK), Betclic (FR), Betfair Sportsbook, Betsson, BoyleSports, Casumo, Codere (IT), Coral, Grosvenor, Ladbrokes, LeoVegas (SE), LiveScore Bet, Marathon Bet, Nordic Bet, PMU (FR), Paddy Power, Pinnacle, Sky Bet, Suprabets, Tipico, Unibet (FR), Unibet (NL), Unibet (SE), Unibet (UK), Virgin Bet, William Hill, Winamax (DE), Winamax (FR)",1.00,open,,,,,,,,,
15,2026-08-13T19:31:40.106570+00:00,soccer_efl_champ,2b50ce61e415a3b3bd3f10ac39d0dbe3,Wolverhampton Wanderers v Blackburn Rovers,2026-08-14T19:00:00+00:00,h2h,Blackburn Rovers,Back Blackburn Rovers with Betfair at 6.8 (29/5)+,Betfair,6.8000,29/5,+580,6.3916,0.0457,"1xBet, 888sport, Bet Victor, BetOnline.ag, Betano (UK), Betclic (FR), Betfair Sportsbook, Betfred (UK), Betsson, Betway, BoyleSports, Casumo, Codere (IT), Coolbet, Coral, GTbets, Grosvenor, Ladbrokes, LeoVegas, LeoVegas (SE), LiveScore Bet, Marathon Bet, Matchbook, Nordic Bet, PMU (FR), Paddy Power, Pinnacle, Sky Bet, Smarkets, Tipico, Unibet (FR), Unibet (NL), Unibet (SE), Unibet (UK), Virgin Bet, William Hill, Winamax (DE), Winamax (FR)",1.00,open,,,,,,,,,
1,2026-08-13T19:31:40.106570+00:00,soccer_italy_coppa_italia,39ee79fe5769c6853ab9ecf46cf888cd,Fiorentina v Benevento,2026-08-14T19:15:00+00:00,h2h,Benevento,Back Benevento with Betfair at 13.5 (25/2)+,Betfair,13.5000,25/2,+1250,12.0861,0.0963,"1xBet, 888sport, Bet Victor, Betano (UK), Betfair Sportsbook, Betfred (UK), Betway, BoyleSports, Codere (IT), Coral, Grosvenor, Ladbrokes, LeoVegas (SE), LiveScore Bet, Paddy Power, Pinnacle, Sky Bet, Tipico, Unibet (NL), Unibet (SE), Unibet (UK), Virgin Bet, William Hill, Winamax (DE)",1.00,open,,,,,,,,,
12,2026-08-13T19:31:40.106570+00:00,soccer_brazil_serie_b,79c95991840b6a00bd50b9690ab10ce6,Sport Recife v Londrina,2026-08-14T23:30:00+00:00,h2h,Londrina,Back Londrina with Betfair at 5.9 (49/10)+,Betfair,5.9000,49/10,+490,5.5231,0.0505,"1xBet, 888sport, Bet Victor, BetOnline.ag, Betano (UK), Betfair Sportsbook, Betfred (UK), Betsson, Betway, BoyleSports, Casumo, Codere (IT), Coolbet, Coral, Grosvenor, Ladbrokes, LeoVegas, LeoVegas (SE), LiveScore Bet, Marathon Bet, Matchbook, Nordic Bet, Paddy Power, Pinnacle, Smarkets, Tipico, Unibet (NL), Unibet (SE), Unibet (UK), Virgin Bet, William Hill",1.00,open,,,,,,,,,
22,2026-08-13T19:31:40.106570+00:00,soccer_argentina_primera_division,4aab9401d098c250b1760be919791eea,Racing Club v Banfield,2026-08-14T23:30:00+00:00,h2h,Banfield,Back Banfield with Betfair at 6 (5/1)+,Betfair,6.0000,5/1,+500,5.7118,0.0330,"1xBet, BetAnything, BetOnline.ag, Betclic (FR), Betfair Sportsbook, Betfred (UK), Betsson, Betway, BoyleSports, LeoVegas (SE), LiveScore Bet, Marathon Bet, Nordic Bet, Paddy Power, Pinnacle, Sky Bet, Smarkets, Unibet (FR), Unibet (SE), Unibet (UK), Virgin Bet, Winamax (DE), Winamax (FR)",1.00,open,,,,,,,,,
5,2026-08-13T19:31:40.106570+00:00,soccer_efl_champ,04cd3d29e95a89f25a34447296856443,Middlesbrough v Lincoln City,2026-08-15T14:00:00+00:00,h2h,Lincoln City,Back Lincoln City with Smarkets at 10.5 (19/2)+,Smarkets,10.5000,19/2,+950,9.6515,0.0682,"1xBet, 888sport, Bet Victor, BetOnline.ag, Betano (UK), Betclic (FR), Betfair, Betfair Sportsbook, Betfred (UK), Betsson, Betway, BoyleSports, Casumo, Codere (IT), Coolbet, Coral, GTbets, Grosvenor, Ladbrokes, LeoVegas, LeoVegas (SE), LiveScore Bet, Marathon Bet, Matchbook, Nordic Bet, PMU (FR), Paddy Power, Pinnacle, Sky Bet, Tipico, Unibet (FR), Unibet (NL), Unibet (SE), Unibet (UK), Virgin Bet, William Hill, Winamax (DE), Winamax (FR)",1.00,open,,,,,,,,,
9,2026-08-13T19:31:40.106570+00:00,soccer_belgium_first_div,2bde38e16b14ceadb704f2404db46d7c,Union Saint-Gilloise v SV Zulte-Waregem,2026-08-15T14:00:00+00:00,h2h,SV Zulte-Waregem,Back SV Zulte-Waregem with Betfair at 9.8 (44/5)+,Betfair,9.8000,44/5,+880,9.1077,0.0567,"1xBet, 888sport, Bet Victor, BetAnything, BetOnline.ag, Betano (UK), Betclic (FR), Betfair Sportsbook, Betfred (UK), Betsson, BoyleSports, Casumo, Coolbet, Coral, Grosvenor, Ladbrokes, LeoVegas (SE), LiveScore Bet, Marathon Bet, Nordic Bet, PMU (FR), Paddy Power, Pinnacle, Sky Bet, Smarkets, Suprabets, Tipico, Unibet (FR), Unibet (NL), Unibet (SE), Unibet (UK), Virgin Bet, William Hill, Winamax (DE), Winamax (FR)",1.00,open,,,,,,,,,
21,2026-08-13T19:31:40.106570+00:00,soccer_england_league2,66127503f173b1e6465942fcecab886f,Grimsby Town v Exeter City,2026-08-15T14:00:00+00:00,h2h,Exeter City,Back Exeter City with Betfair at 4.8 (19/5)+,Betfair,4.8000,19/5,+380,4.5703,0.0336,"1xBet, 888sport, Bet Victor, BetOnline.ag, Betano (UK), Betfred (UK), Betsson, Betway, BoyleSports, Casumo, Codere (IT), Coolbet, Coral, Grosvenor, Ladbrokes, LeoVegas, LeoVegas (SE), LiveScore Bet, Marathon Bet, Matchbook, Nordic Bet, Paddy Power, Pinnacle, Sky Bet, Smarkets, Tipico, Unibet (NL), Unibet (SE), Unibet (UK), Virgin Bet, William Hill",1.00,open,,,,,,,,,
19,2026-08-13T19:31:40.106570+00:00,soccer_spain_segunda_division,68b4b6cda1390551270bbbef33d6a6f2,Andorra CF v AD Ceuta FC,2026-08-15T15:00:00+00:00,h2h,AD Ceuta FC,Back AD Ceuta FC with Betfair at 5.1 (41/10)+,Betfair,5.1000,41/10,+410,4.8369,0.0374,"Bet Victor, BetAnything, BetOnline.ag, Betano (UK), Betclic (FR), Betfair Sportsbook, Betfred (UK), Betway, BoyleSports, Casumo, Codere (IT), Coolbet, Coral, Grosvenor, Ladbrokes, LeoVegas (SE), LiveScore Bet, Marathon Bet, PMU (FR), Paddy Power, Pinnacle, Sky Bet, Tipico, Unibet (FR), Unibet (NL), Unibet (SE), Virgin Bet, William Hill, Winamax (DE), Winamax (FR)",1.00,open,,,,,,,,,
13,2026-08-13T19:31:40.106570+00:00,soccer_turkey_super_league,a2696a2dea66eab68abe0a05755f8cb7,Genclerbirligi SK v Fenerbahce,2026-08-15T18:30:00+00:00,h2h,Genclerbirligi SK,Back Genclerbirligi SK with Betfair at 7.8 (34/5)+,Betfair,7.8000,34/5,+680,7.2969,0.0503,"1xBet, 888sport, BetOnline.ag, Betclic (FR), Betfair Sportsbook, Betfred (UK), Betsson, Betway, BoyleSports, Casumo, Codere (IT), Coolbet, GTbets, Grosvenor, LeoVegas (SE), LiveScore Bet, Marathon Bet, Nordic Bet, PMU (FR), Paddy Power, Pinnacle, Sky Bet, Smarkets, Tipico, Unibet (FR), Unibet (NL), Unibet (SE), Unibet (UK), Virgin Bet, Winamax (DE), Winamax (FR)",1.00,open,,,,,,,,,
8,2026-08-13T19:31:40.106570+00:00,soccer_portugal_primeira_liga,aa94f56e76e50d19cea834f4b15c2ceb,Rio Ave FC v FC Porto,2026-08-15T19:30:00+00:00,h2h,Rio Ave FC,Back Rio Ave FC with Smarkets at 8.6 (38/5)+,Smarkets,8.6000,38/5,+760,7.9915,0.0571,"888sport, Bet Victor, BetOnline.ag, Betano (UK), Betclic (FR), Betfair Sportsbook, Betfred (UK), Betsson, Betway, BoyleSports, Casumo, Coolbet, Coral, GTbets, Grosvenor, Ladbrokes, LeoVegas (SE), LiveScore Bet, Marathon Bet, Matchbook, Nordic Bet, PMU (FR), Paddy Power, Pinnacle, Sky Bet, Tipico, Unibet (FR), Unibet (NL), Unibet (SE), Unibet (UK), Virgin Bet, William Hill, Winamax (DE), Winamax (FR)",1.00,open,,,,,,,,,
